Date,Project_ID,Project_Type,Sprint_ID,Task_Count,Complexity_Level,Estimated_Effort,Team_Size,Developers,Testers,Analysts,Actual_Effort,Resource_Demand
01-01-2025,P103,Web,1,28,Medium,110,7,4,2,1,110,4
02-01-2025,P107,AI,1,37,Low,185,9,5,2,2,,6
03-01-2025,P103,Web,1,21,Medium,79,5,3,1,1,79,3
04-01-2025,P101,Web,1,16,Low,54,4,2,1,1,54,3
05-01-2025,P107,Web,1,25,Medium,85,7,4,2,1,89,3
06-01-2025,P117,Enterprise,1,20,Low,85,6,3,2,1,85,4
07-01-2025,P118,Mobile,1,31,High,169,7,4,2,1,175,5
08-01-2025,P100,AI,2,,Medium,181,6,4,1,1,181,6
09-01-2025,P110,Mobile,2,13,Low,39,4,2,1,1,39,3
10-01-2025,P110,Web,2,27,Low,82,7,4,1,2,89,3
11-01-2025,P103,Mobile,2,33,High,202,9,5,3,1,202,6
12-01-2025,P119,Mobile,2,27,High,167,7,4,2,1,167,5
13-01-2025,P114,Web,2,31,High,,7,4,2,1,174,6
14-01-2025,P112,Web,2,27,Medium,123,7,4,2,1,126,4
15-01-2025,P119,Mobile,3,25,Medium,109,7,4,2,1,122,4
16-01-2025,P102,Web,3,36,Medium,138,8,5,2,1,138,4
17-01-2025,P109,Web,3,32,High,169,7,4,2,1,189,6
18-01-2025,P103,Enterprise,3,19,Low,80,5,3,1,1,88,4
19-01-2025,P111,AI,3,25,Medium,147,7,4,2,1,147,5
20-01-2025,P106,Mobile,3,23,Medium,107,5,3,1,1,107,5
21-01-2025,P102,AI,3,9,Medium,53,3,2,1,0,55,3
22-01-2025,P107,AI,4,23,Medium,141,5,3,1,1,161,5
23-01-2025,P108,AI,4,34,Medium,211,9,5,2,2,211,7
24-01-2025,P101,AI,4,29,High,248,6,4,1,1,248,7
25-01-2025,P110,Enterprise,4,25,Low,104,7,4,2,1,106,4
26-01-2025,P106,Mobile,4,16,Low,,4,2,1,1,70,2
27-01-2025,P115,Enterprise,4,18,High,125,6,3,2,1,125,5
28-01-2025,P114,AI,4,26,Low,137,7,4,2,1,137,6
29-01-2025,P107,Mobile,5,27,Medium,129,7,4,2,1,139,6
30-01-2025,P113,Enterprise,5,27,Medium,151,7,4,2,1,151,6
31-01-2025,P104,Enterprise,5,27,Low,111,6,4,1,1,115,5
01-02-2025,P101,Web,5,15,Low,54,3,2,1,0,54,3
02-02-2025,P105,Enterprise,5,32,Medium,180,7,4,2,1,180,6
03-02-2025,P112,Enterprise,5,17,Medium,85,6,3,2,1,95,4
04-02-2025,P114,Mobile,5,25,High,160,7,4,2,1,160,6
05-02-2025,P100,Web,6,16,Medium,68,4,2,1,1,76,3
06-02-2025,P117,Mobile,6,28,High,163,7,4,2,1,163,5
07-02-2025,P110,Web,6,21,Low,75,5,3,1,1,,4
08-02-2025,P105,Enterprise,6,17,Low,76,5,3,1,1,76,3
09-02-2025,P108,AI,6,27,Medium,167,7,4,2,1,167,5
10-02-2025,P103,Mobile,6,29,High,174,8,4,2,2,178,6
11-02-2025,P116,AI,6,29,Low,,7,4,2,1,168,
12-02-2025,P105,Web,7,18,Medium,69,,3,1,1,70,
13-02-2025,P115,Web,7,,Low,,6,4,1,1,87,3
14-02-2025,P111,Mobile,7,25,Low,79,,4,2,1,83,3
15-02-2025,P107,Web,7,25,Low,73,,4,2,1,78,4
16-02-2025,P115,Web,7,8,High,,2,1,1,0,43,2
17-02-2025,P117,AI,7,29,Low,147,7,4,2,1,147,5
18-02-2025,P115,AI,7,39,Low,191,8,5,2,1,217,7
19-02-2025,P119,Enterprise,8,41,High,303,10,6,3,1,303,10
20-02-2025,P117,AI,8,,Medium,175,7,4,2,1,179,6
21-02-2025,P112,Mobile,8,22,Medium,86,,3,1,1,91,3
22-02-2025,P116,Enterprise,8,36,Low,144,9,5,2,2,153,4
23-02-2025,P107,Web,8,26,Medium,97,6,4,1,1,110,4
24-02-2025,P118,AI,8,37,Medium,209,9,5,2,2,237,6
25-02-2025,P100,Web,8,27,Medium,101,6,4,1,1,112,3
26-02-2025,P101,AI,9,20,Low,104,5,3,1,1,109,5
27-02-2025,P101,Mobile,9,31,Low,117,7,4,2,1,,5
28-02-2025,P107,Mobile,9,24,Medium,109,5,3,1,1,109,5
01-03-2025,P106,AI,9,23,Medium,148,6,3,2,1,148,6
02-03-2025,P118,Enterprise,9,35,Low,154,9,5,2,2,154,4
03-03-2025,P115,Enterprise,9,27,Low,117,7,4,2,1,123,4
04-03-2025,P103,Enterprise,9,16,Medium,75,4,2,1,1,82,4
05-03-2025,P113,Enterprise,10,24,High,162,5,3,1,1,163,6
06-03-2025,P101,Web,10,18,Low,,,3,1,1,56,2
07-03-2025,P110,Web,10,26,Low,78,6,4,1,1,83,3
08-03-2025,P106,Enterprise,10,13,Low,43,4,2,1,1,49,3
09-03-2025,P105,Mobile,10,19,Medium,83,6,3,2,1,83,4
10-03-2025,P102,Enterprise,10,24,High,161,5,3,1,1,161,5
11-03-2025,P117,Web,10,27,Low,78,7,4,2,1,88,3
12-03-2025,P117,Web,11,30,High,151,7,4,1,2,151,6
13-03-2025,P107,AI,11,26,Medium,156,6,4,1,1,178,5
14-03-2025,P115,AI,11,36,High,290,9,5,2,2,,10
15-03-2025,P101,AI,11,42,Medium,243,9,6,2,1,246,7
16-03-2025,P112,Mobile,11,18,High,106,6,3,2,1,113,4
17-03-2025,P114,Mobile,11,32,Medium,138,7,4,2,1,155,6
18-03-2025,P117,Enterprise,11,14,Low,79,4,2,1,1,79,3
19-03-2025,P109,AI,12,34,High,260,9,5,3,1,272,8
20-03-2025,P118,Web,12,24,Medium,108,5,3,1,1,108,5
21-03-2025,P101,Web,12,25,Medium,100,8,4,2,2,111,3
22-03-2025,P116,AI,12,16,Low,75,4,2,1,1,75,4
23-03-2025,P116,Web,12,12,High,75,4,2,1,1,77,4
24-03-2025,P102,Web,12,34,Medium,136,9,5,2,2,152,5
25-03-2025,P107,Enterprise,12,30,Low,145,7,4,2,1,145,4
26-03-2025,P118,AI,13,33,Medium,180,8,5,2,1,202,6
27-03-2025,P101,Web,13,,Medium,148,9,5,2,2,165,6
28-03-2025,P118,Mobile,13,11,High,63,4,2,1,1,64,3
29-03-2025,P106,Mobile,13,14,Low,57,3,2,1,0,57,2
30-03-2025,P112,AI,13,27,Medium,152,6,4,1,1,170,5
31-03-2025,P109,Enterprise,13,17,Medium,98,5,3,1,1,98,4
01-04-2025,P102,Web,13,24,Medium,85,5,3,1,1,87,4
02-04-2025,P118,Web,14,19,Low,,6,3,2,1,62,3
03-04-2025,P106,Mobile,14,29,Low,111,6,4,1,1,111,4
04-04-2025,P111,Web,14,12,High,76,4,2,1,1,76,3
05-04-2025,P111,Mobile,14,29,Low,107,7,4,2,1,107,4
06-04-2025,P117,Mobile,14,12,Medium,56,4,2,1,1,56,3
07-04-2025,P116,Web,14,19,Medium,65,5,3,1,1,68,3
08-04-2025,P117,Mobile,14,24,High,155,5,3,1,1,,6
09-04-2025,P103,AI,15,16,Low,74,4,2,1,1,78,3
10-04-2025,P103,AI,15,13,Low,68,3,2,1,0,,3
11-04-2025,P119,AI,15,20,Medium,111,5,3,1,1,111,4
12-04-2025,P106,Mobile,15,27,Medium,120,6,4,1,1,137,5
13-04-2025,P108,Web,15,20,Low,71,5,3,1,1,80,3
14-04-2025,P113,Mobile,15,11,Low,45,3,2,1,0,45,2
15-04-2025,P110,AI,15,11,Medium,66,4,2,1,1,66,3
16-04-2025,P108,AI,16,24,Medium,131,5,3,1,1,131,4
17-04-2025,P117,Enterprise,16,33,Medium,175,9,5,2,2,190,6
18-04-2025,P103,Web,16,5,High,20,1,1,0,0,22,3
19-04-2025,P104,Web,16,27,High,134,7,4,2,1,134,5
20-04-2025,P118,AI,16,34,Medium,206,9,5,2,2,206,6
21-04-2025,P101,Mobile,16,28,Medium,121,7,4,2,1,121,5
22-04-2025,P101,Mobile,16,34,Low,118,8,5,2,1,119,4
23-04-2025,P107,Web,17,25,Medium,116,7,4,1,2,116,4
24-04-2025,P117,Enterprise,17,26,High,193,7,4,1,2,203,6
25-04-2025,P104,AI,17,27,High,206,7,4,2,1,231,7
26-04-2025,P105,Enterprise,17,21,Low,83,5,3,1,1,83,4
27-04-2025,P110,Enterprise,17,28,High,203,7,4,2,1,203,7
28-04-2025,P107,Mobile,17,22,Low,69,6,3,2,1,69,
29-04-2025,P103,Enterprise,17,31,High,235,7,4,2,1,235,7
30-04-2025,P115,AI,18,10,Low,62,4,2,1,1,62,3
01-05-2025,P114,Mobile,18,44,Medium,199,10,6,2,2,225,7
02-05-2025,P107,AI,18,28,Low,136,7,4,2,1,141,5
03-05-2025,P106,Enterprise,18,37,Medium,198,10,5,3,2,200,6
04-05-2025,P102,Mobile,18,25,Medium,123,7,4,2,1,123,4
05-05-2025,P116,Enterprise,18,16,Medium,71,4,2,1,1,71,3
06-05-2025,P117,Mobile,18,22,High,145,5,3,1,1,145,4
07-05-2025,P103,Mobile,19,5,Low,,2,1,1,0,20,
08-05-2025,P108,Web,19,22,Low,59,5,3,1,1,60,3
09-05-2025,P113,Mobile,19,25,Medium,112,7,4,1,2,112,4
10-05-2025,P110,Enterprise,19,24,Medium,126,5,3,1,1,137,5
11-05-2025,P116,Web,19,5,Medium,30,1,1,0,0,30,2
12-05-2025,P118,AI,19,,Low,54,4,2,1,1,54,2
13-05-2025,P113,Web,19,32,Medium,140,6,4,1,1,140,5
14-05-2025,P117,AI,20,20,Medium,124,5,3,1,1,,4
15-05-2025,P102,Mobile,20,30,Medium,139,7,4,2,1,148,4
16-05-2025,P103,Mobile,20,29,Medium,127,6,4,1,1,127,4
17-05-2025,P113,Mobile,20,27,Medium,108,8,4,2,2,119,4
18-05-2025,P109,AI,20,19,Low,77,,3,1,1,81,3
19-05-2025,P112,AI,20,,Medium,64,1,1,0,0,,2
20-05-2025,P109,Enterprise,20,24,Medium,143,6,3,2,1,143,4
21-05-2025,P100,Mobile,21,27,Low,80,7,4,2,1,80,4
22-05-2025,P113,Mobile,21,25,Medium,115,,4,1,1,115,5
23-05-2025,P114,AI,21,26,Medium,146,7,4,2,1,155,6
24-05-2025,P105,Web,21,27,Low,96,7,4,2,1,96,5
25-05-2025,P119,Mobile,21,10,Low,23,3,2,1,0,23,3
26-05-2025,P107,Mobile,21,,Low,86,6,4,1,1,86,3
27-05-2025,P106,AI,21,17,Low,92,5,3,1,1,98,5
28-05-2025,P107,Enterprise,22,18,Medium,106,5,3,1,1,111,3
29-05-2025,P102,Enterprise,22,45,Medium,246,10,6,2,2,246,7
30-05-2025,P118,AI,22,24,Medium,161,6,3,2,1,161,6
31-05-2025,P112,Enterprise,22,30,Medium,174,7,4,2,1,174,5
01-06-2025,P104,Web,22,24,High,131,5,3,1,1,146,5
02-06-2025,P103,Enterprise,22,29,Low,138,7,4,2,1,138,5
03-06-2025,P116,Enterprise,22,28,Low,125,6,4,1,1,141,4
04-06-2025,P107,Web,23,16,Medium,74,4,2,1,1,84,3
05-06-2025,P114,Mobile,23,25,High,,7,4,2,1,146,5
06-06-2025,P114,Enterprise,23,,High,147,5,3,1,1,,6
07-06-2025,P117,Enterprise,23,23,High,160,5,3,1,1,160,6
08-06-2025,P115,Enterprise,23,27,Low,127,6,4,1,1,141,4
09-06-2025,P107,Mobile,23,25,High,156,7,4,2,1,179,5
10-06-2025,P116,Enterprise,23,20,Medium,124,5,3,1,1,138,6
11-06-2025,P108,Enterprise,24,21,Low,106,5,3,1,1,106,3
12-06-2025,P109,AI,24,14,Low,58,3,2,1,0,58,2
13-06-2025,P110,Web,24,24,Low,79,5,3,1,1,79,4
14-06-2025,P107,Enterprise,24,32,Medium,173,7,4,2,1,182,5
15-06-2025,P106,Web,24,26,Medium,108,7,4,2,1,108,4
16-06-2025,P110,Enterprise,24,20,Medium,104,6,3,2,1,104,5
17-06-2025,P106,Enterprise,24,36,Medium,192,9,5,3,1,211,6
18-06-2025,P118,Web,25,26,High,120,7,4,2,1,120,5
19-06-2025,P118,Enterprise,25,20,Medium,106,6,3,2,1,118,5
20-06-2025,P111,Mobile,25,30,High,195,6,4,1,1,195,6
21-06-2025,P113,AI,25,24,Medium,161,5,3,1,1,172,5
22-06-2025,P108,Enterprise,25,24,Medium,143,5,3,1,1,158,5
23-06-2025,P112,Mobile,25,30,Medium,153,8,4,2,2,168,6
24-06-2025,P112,AI,25,31,High,246,7,4,2,1,259,8
25-06-2025,P104,Web,26,23,High,121,5,3,1,1,121,5
26-06-2025,P118,Web,26,25,Low,92,6,4,1,1,96,5
27-06-2025,P113,AI,26,14,High,116,4,2,1,1,127,4
28-06-2025,P105,Web,26,26,Low,98,7,4,2,1,103,5
29-06-2025,P110,AI,26,21,Medium,127,,3,1,1,127,5
30-06-2025,P110,Enterprise,26,34,Low,134,9,5,2,2,153,6
01-07-2025,P113,Mobile,26,20,High,120,6,3,2,1,120,4
02-07-2025,P115,Web,27,37,Medium,,9,5,3,1,147,6
03-07-2025,P101,Mobile,27,13,Low,24,4,2,1,1,25,2
04-07-2025,P102,Web,27,26,High,129,7,4,2,1,146,4
05-07-2025,P107,AI,27,30,High,233,7,4,2,1,233,
06-07-2025,P119,AI,27,24,Low,117,,3,2,1,117,3
07-07-2025,P115,Web,27,14,Medium,70,4,2,1,1,79,3
08-07-2025,P106,Enterprise,27,27,Medium,153,7,4,2,1,166,6
09-07-2025,P111,AI,28,26,Medium,,,4,2,1,,5
10-07-2025,P103,AI,28,19,High,166,5,3,1,1,166,6
11-07-2025,P103,Web,28,31,High,154,7,4,2,1,154,4
12-07-2025,P118,Enterprise,28,21,Medium,91,5,3,1,1,97,4
13-07-2025,P106,Web,28,17,Medium,67,5,3,1,1,67,3
14-07-2025,P107,Web,28,37,Medium,156,8,5,2,1,156,5
15-07-2025,P109,Web,28,,High,112,5,3,1,1,112,4
16-07-2025,P118,Web,29,39,Medium,162,9,5,3,1,162,5
17-07-2025,P113,Mobile,29,36,Low,,9,5,2,2,138,5
18-07-2025,P110,Web,29,30,High,159,7,4,2,1,,6
19-07-2025,P115,Web,29,35,Medium,141,9,5,2,2,145,5
20-07-2025,P111,Enterprise,29,19,Medium,99,6,3,2,1,113,4
21-07-2025,P113,AI,29,29,Medium,168,7,4,2,1,174,6
22-07-2025,P108,Enterprise,29,25,Medium,138,6,4,1,1,138,4
23-07-2025,P118,Mobile,30,,Medium,82,6,3,2,1,89,3
24-07-2025,P107,Web,30,15,Low,33,3,2,1,0,36,2
25-07-2025,P114,AI,30,38,High,291,9,5,2,2,327,
26-07-2025,P118,Enterprise,30,30,Medium,,,4,2,1,157,5
27-07-2025,P115,Mobile,30,19,Low,72,6,3,2,1,72,3
28-07-2025,P106,Mobile,30,24,High,152,5,3,1,1,153,5
29-07-2025,P110,Mobile,30,,High,181,8,5,2,1,206,6
30-07-2025,P108,Web,31,14,Medium,67,3,2,1,0,76,3
31-07-2025,P106,Web,31,25,Low,67,7,4,2,1,67,3
01-08-2025,P113,Enterprise,31,37,Medium,212,8,5,2,1,,7
02-08-2025,P107,Enterprise,31,22,Medium,141,6,3,2,1,147,6
03-08-2025,P115,Enterprise,31,22,High,155,5,3,1,1,160,6
04-08-2025,P102,Mobile,31,30,Low,107,7,4,2,1,107,3
05-08-2025,P107,Mobile,31,32,Medium,147,7,4,2,1,150,6
06-08-2025,P111,Enterprise,32,33,Medium,171,9,5,2,2,195,5
07-08-2025,P111,Enterprise,32,20,High,162,6,3,2,1,173,6
08-08-2025,P117,Mobile,32,26,Medium,120,7,4,2,1,134,5
09-08-2025,P114,Mobile,32,33,Medium,,9,5,2,2,160,6
10-08-2025,P107,Web,32,,Medium,100,7,4,2,1,114,
11-08-2025,P110,Web,32,27,Medium,112,7,4,2,1,125,4
12-08-2025,P105,AI,32,34,Low,150,,5,3,2,164,5
13-08-2025,P115,Mobile,33,23,Medium,104,5,3,1,1,104,4
14-08-2025,P116,Mobile,33,37,High,207,8,5,2,1,207,6
15-08-2025,P106,Mobile,33,38,Low,,8,5,2,1,,6
16-08-2025,P105,Mobile,33,5,Low,40,1,1,0,0,40,2
17-08-2025,P117,AI,33,33,Low,182,9,5,2,2,200,6
18-08-2025,P101,Mobile,33,,Medium,142,7,4,1,2,142,6
19-08-2025,P104,Enterprise,33,18,Low,76,5,3,1,1,76,3
20-08-2025,P100,Mobile,34,26,Medium,,7,4,2,1,140,4
21-08-2025,P114,Mobile,34,17,Low,58,5,3,1,1,58,3
22-08-2025,P101,Mobile,34,20,High,120,5,3,1,1,136,4
23-08-2025,P115,Web,34,26,High,148,6,4,1,1,168,5
24-08-2025,P112,Enterprise,34,25,Low,110,6,4,1,1,115,4
25-08-2025,P101,AI,34,15,Low,65,4,2,1,1,71,3
26-08-2025,P118,Mobile,34,19,Low,71,5,3,1,1,74,3
27-08-2025,P107,Web,35,30,Medium,,6,4,1,1,124,5
28-08-2025,P113,AI,35,32,High,271,6,4,1,1,284,8
29-08-2025,P112,Enterprise,35,18,High,145,,3,1,1,155,6
30-08-2025,P109,Enterprise,35,29,Medium,175,7,4,2,1,175,7
31-08-2025,P119,Web,35,20,Medium,69,,3,1,1,69,
01-09-2025,P103,AI,35,26,Medium,140,7,4,2,1,144,5
02-09-2025,P108,Web,35,34,Low,96,10,5,3,2,99,
03-09-2025,P105,Web,36,19,Low,60,5,3,1,1,60,3
04-09-2025,P113,Enterprise,36,26,Medium,128,6,4,1,1,139,4
05-09-2025,P115,Mobile,36,33,Low,124,9,5,3,1,124,4
06-09-2025,P109,Mobile,36,34,Medium,154,9,5,2,2,154,6
07-09-2025,P114,Web,36,26,Medium,102,,4,2,1,102,4
08-09-2025,P108,AI,36,18,Medium,94,5,3,1,1,97,3
09-09-2025,P117,AI,36,16,Medium,74,,2,1,1,83,3
10-09-2025,P108,AI,37,25,Low,119,8,4,2,2,132,5
11-09-2025,P105,Mobile,37,19,Medium,95,5,3,1,1,95,4
12-09-2025,P118,Mobile,37,25,Medium,112,7,4,2,1,112,5
13-09-2025,P114,Mobile,37,24,Medium,116,5,3,1,1,116,4
14-09-2025,P108,Enterprise,37,16,Medium,84,3,2,1,0,84,3
15-09-2025,P119,Web,37,25,High,135,,4,2,1,135,5
16-09-2025,P110,Mobile,37,17,Low,59,5,3,1,1,62,3
17-09-2025,P107,Web,38,23,High,134,5,3,1,1,134,5
18-09-2025,P108,Web,38,20,High,100,6,3,2,1,102,5
19-09-2025,P105,Enterprise,38,28,Medium,165,7,4,2,1,170,5
20-09-2025,P114,Mobile,38,14,Low,48,4,2,1,1,53,3
21-09-2025,P118,Enterprise,38,20,Medium,84,5,3,1,1,91,
22-09-2025,P115,Web,38,13,Medium,53,3,2,1,0,60,3
23-09-2025,P113,Mobile,38,24,Medium,113,5,3,1,1,114,5
24-09-2025,P103,AI,39,24,Medium,134,5,3,1,1,,5
25-09-2025,P115,Mobile,39,14,Medium,46,4,2,1,1,51,4
26-09-2025,P112,Web,39,19,Medium,86,6,3,2,1,86,4
27-09-2025,P110,Mobile,39,42,Medium,182,11,6,3,2,192,6
28-09-2025,P112,Web,39,25,Medium,92,6,4,1,1,94,4
29-09-2025,P117,Enterprise,39,22,Medium,122,5,3,1,1,138,5
30-09-2025,P106,Mobile,39,14,Medium,53,4,2,1,1,56,2
01-10-2025,P115,Enterprise,40,34,High,250,8,5,2,1,250,9
02-10-2025,P106,Mobile,40,,Medium,136,,4,2,1,136,4
03-10-2025,P109,Enterprise,40,35,High,255,9,5,2,2,255,9
04-10-2025,P115,Web,40,19,Low,70,6,3,2,1,73,
05-10-2025,P119,AI,40,29,Medium,184,6,4,1,1,208,6
06-10-2025,P109,Web,40,16,Medium,44,4,2,1,1,49,2
07-10-2025,P102,AI,40,23,High,176,6,3,2,1,176,7
08-10-2025,P103,Enterprise,41,23,High,167,6,3,2,1,185,6
09-10-2025,P104,Enterprise,41,30,High,226,6,4,1,1,259,8
10-10-2025,P109,Mobile,41,28,Medium,119,7,4,2,1,122,5
11-10-2025,P115,Enterprise,41,27,Low,135,7,4,2,1,135,5
12-10-2025,P117,AI,41,31,Medium,,7,4,2,1,189,6
13-10-2025,P119,AI,41,23,High,170,6,3,2,1,176,6
14-10-2025,P108,Enterprise,41,15,Medium,86,4,2,1,1,89,3
15-10-2025,P116,Mobile,42,18,High,111,,3,2,1,111,4
16-10-2025,P109,Mobile,42,30,High,171,7,4,2,1,173,6
17-10-2025,P118,Enterprise,42,26,High,195,,4,2,1,209,5
18-10-2025,P114,Enterprise,42,12,Medium,78,3,2,1,0,81,3
19-10-2025,P117,Enterprise,42,20,Medium,111,5,3,1,1,115,4
20-10-2025,P110,AI,42,33,High,263,9,5,2,2,269,7
21-10-2025,P107,Enterprise,42,23,Low,96,6,3,2,1,105,4
22-10-2025,P113,Web,43,15,Medium,58,4,2,1,1,58,2
23-10-2025,P115,Enterprise,43,37,Medium,209,10,5,3,2,221,7
24-10-2025,P104,Enterprise,43,34,High,248,8,5,2,1,275,7
25-10-2025,P104,Mobile,43,40,High,249,8,5,2,1,249,7
26-10-2025,P114,Web,43,26,Medium,86,8,4,2,2,86,4
27-10-2025,P114,Web,43,,Medium,110,7,4,2,1,110,3
28-10-2025,P113,AI,43,24,Low,132,5,3,1,1,144,4
29-10-2025,P108,Mobile,44,17,Medium,,6,3,2,1,89,3
30-10-2025,P112,Web,44,24,High,122,5,3,1,1,137,4
31-10-2025,P117,Enterprise,44,32,High,220,7,4,2,1,220,7
01-11-2025,P115,Web,44,5,Medium,28,1,1,0,0,28,3
02-11-2025,P107,Mobile,44,25,High,151,7,4,2,1,151,5
03-11-2025,P102,Enterprise,44,31,High,209,6,4,1,1,212,8
04-11-2025,P103,Enterprise,44,12,Low,64,3,2,1,0,64,3
05-11-2025,P109,Web,45,26,Low,94,7,4,2,1,104,4
06-11-2025,P101,Mobile,45,26,Medium,113,7,4,2,1,114,4
07-11-2025,P113,AI,45,,Low,143,,4,2,1,151,5
08-11-2025,P113,AI,45,25,Low,112,7,4,2,1,112,5
09-11-2025,P102,Enterprise,45,19,Medium,96,5,3,1,1,104,4
10-11-2025,P107,Enterprise,45,27,High,190,7,4,2,1,190,6
11-11-2025,P104,AI,45,32,Medium,191,7,4,2,1,191,7
12-11-2025,P108,Enterprise,46,21,Low,103,6,3,2,1,103,4
13-11-2025,P100,Enterprise,46,32,High,222,7,4,2,1,244,7
14-11-2025,P117,AI,46,,Low,128,6,4,1,1,140,4
15-11-2025,P111,Mobile,46,,Medium,94,5,3,1,1,99,3
16-11-2025,P113,Mobile,46,41,Medium,173,,6,2,2,190,6
17-11-2025,P109,AI,46,,High,191,6,3,2,1,202,6
18-11-2025,P115,Web,46,23,Low,83,5,3,1,1,86,4
19-11-2025,P118,Mobile,47,29,Medium,133,6,4,1,1,133,6
20-11-2025,P109,Web,47,26,High,148,7,4,2,1,150,6
21-11-2025,P112,Mobile,47,8,Low,22,1,1,0,0,22,1
22-11-2025,P101,Enterprise,47,31,High,227,6,4,1,1,227,7
23-11-2025,P109,AI,47,37,Medium,218,9,5,2,2,,8
24-11-2025,P111,AI,47,,Medium,167,7,4,2,1,178,5
25-11-2025,P119,Mobile,47,,Medium,,5,3,1,1,96,5
26-11-2025,P104,Web,48,31,High,147,7,4,2,1,147,5
27-11-2025,P101,Mobile,48,29,High,171,7,4,2,1,187,
28-11-2025,P101,Mobile,48,28,Medium,123,7,4,2,1,123,4
29-11-2025,P102,Mobile,48,33,Medium,147,8,5,2,1,168,4
30-11-2025,P113,AI,48,20,Low,95,6,3,2,1,95,5
01-12-2025,P117,Mobile,48,29,Medium,127,7,4,2,1,127,
02-12-2025,P108,AI,48,17,Low,92,6,3,2,1,102,3
03-12-2025,P115,Mobile,49,,Medium,139,6,4,1,1,139,5
04-12-2025,P110,Web,49,31,Medium,107,7,4,2,1,116,3
05-12-2025,P102,AI,49,,High,266,7,4,2,1,266,8
06-12-2025,P107,Enterprise,49,25,High,190,6,4,1,1,199,5
07-12-2025,P117,Mobile,49,32,Low,120,7,4,2,1,123,4
08-12-2025,P112,Web,49,19,Low,,6,3,2,1,47,2
09-12-2025,P103,Enterprise,49,37,Medium,216,9,5,2,2,216,7
10-12-2025,P108,Enterprise,50,23,High,156,5,3,1,1,177,6
11-12-2025,P111,Web,50,25,Medium,116,,4,2,1,116,4
12-12-2025,P115,Web,50,20,Medium,79,5,3,1,1,90,3
13-12-2025,P117,Mobile,50,,High,75,4,2,1,1,75,3
14-12-2025,P107,Web,50,22,Medium,80,6,3,2,1,82,3
15-12-2025,P114,Mobile,50,23,Medium,110,5,3,1,1,,4
16-12-2025,P103,AI,50,33,Low,158,9,5,2,2,181,5
17-12-2025,P101,Mobile,51,19,High,96,5,3,1,1,108,4
18-12-2025,P103,Web,51,12,Low,47,4,2,1,1,51,2
19-12-2025,P117,AI,51,,Medium,127,5,3,1,1,133,5
20-12-2025,P111,Enterprise,51,,Medium,112,5,3,1,1,112,4
21-12-2025,P104,Enterprise,51,23,Medium,127,5,3,1,1,144,5
22-12-2025,P115,Enterprise,51,16,High,128,3,2,1,0,135,6
23-12-2025,P108,Web,51,32,Medium,130,7,4,2,1,146,4
24-12-2025,P106,Enterprise,52,15,Medium,,4,2,1,1,83,4
25-12-2025,P107,Mobile,52,20,Low,72,5,3,1,1,72,4
26-12-2025,P111,Mobile,52,32,Low,119,7,4,2,1,127,4
27-12-2025,P108,AI,52,33,High,250,9,5,2,2,276,8
28-12-2025,P114,Web,52,23,Medium,100,5,3,1,1,100,4
29-12-2025,P119,Web,52,33,Low,116,8,5,2,1,116,4
30-12-2025,P110,AI,52,22,High,179,5,3,1,1,,
31-12-2025,P118,AI,53,20,Low,93,5,3,1,1,99,4
01-01-2026,P117,AI,53,15,Medium,84,4,2,1,1,90,3
02-01-2026,P107,Mobile,53,21,High,122,5,3,1,1,122,4
03-01-2026,P119,Web,53,24,Low,73,5,3,1,1,79,3
04-01-2026,P104,AI,53,29,Medium,171,7,4,1,2,171,
05-01-2026,P105,Web,53,34,Medium,139,9,5,3,1,158,5
06-01-2026,P100,AI,53,12,Low,46,3,2,1,0,47,3
07-01-2026,P107,Mobile,54,30,Low,113,7,4,2,1,113,4
08-01-2026,P108,Web,54,,Low,68,5,3,1,1,70,3
09-01-2026,P113,Web,54,16,Medium,66,4,2,1,1,67,3
10-01-2026,P115,Enterprise,54,33,High,255,8,5,2,1,255,7
11-01-2026,P116,Web,54,46,Medium,168,10,6,2,2,189,6
12-01-2026,P107,Web,54,33,Medium,132,9,5,2,2,132,5
13-01-2026,P116,Mobile,54,29,Medium,126,7,4,2,1,127,6
14-01-2026,P100,Web,55,,High,176,8,5,2,1,176,5
15-01-2026,P112,Enterprise,55,20,Medium,123,5,3,1,1,128,5
16-01-2026,P115,Enterprise,55,24,Low,108,6,3,2,1,112,5
17-01-2026,P102,Mobile,55,23,Medium,101,6,3,2,1,112,5
18-01-2026,P102,AI,55,29,Low,109,8,4,2,2,109,
19-01-2026,P118,Mobile,55,33,Medium,157,9,5,3,1,157,
20-01-2026,P119,Mobile,55,19,Medium,94,5,3,1,1,94,
21-01-2026,P119,Enterprise,56,32,Low,145,7,4,2,1,157,6
22-01-2026,P103,AI,56,19,Medium,118,6,3,2,1,125,5
23-01-2026,P107,Enterprise,56,27,Medium,159,6,4,1,1,159,5
24-01-2026,P114,Enterprise,56,19,Medium,103,5,3,1,1,113,5
25-01-2026,P103,Mobile,56,9,Medium,42,4,2,1,1,46,3
26-01-2026,P108,Mobile,56,12,High,62,4,2,1,1,68,
27-01-2026,P115,Web,56,31,Low,97,7,4,2,1,97,4
28-01-2026,P102,Web,57,25,Medium,102,7,4,2,1,102,5
29-01-2026,P111,AI,57,5,Medium,31,1,1,0,0,31,3
30-01-2026,P118,Mobile,57,31,Medium,129,7,4,2,1,133,5
31-01-2026,P113,Mobile,57,28,High,158,7,4,2,1,158,5
01-02-2026,P113,Web,57,20,High,105,6,3,2,1,105,4
02-02-2026,P119,Mobile,57,22,Medium,100,6,3,2,1,100,4
03-02-2026,P118,AI,57,19,Low,88,5,3,1,1,97,3
04-02-2026,P115,AI,58,27,High,212,8,4,2,2,212,8
05-02-2026,P111,Mobile,58,27,Low,91,7,4,2,1,96,4
06-02-2026,P108,AI,58,32,High,261,7,4,2,1,296,8
07-02-2026,P117,Web,58,20,Medium,76,6,3,2,1,76,3
08-02-2026,P108,Web,58,25,Low,86,7,4,2,1,86,3
09-02-2026,P109,Mobile,58,20,Medium,88,6,3,2,1,97,4
10-02-2026,P105,AI,58,29,Medium,162,8,4,2,2,162,6
11-02-2026,P112,Web,59,12,Low,46,4,2,1,1,49,
12-02-2026,P100,Web,59,15,Medium,76,3,2,1,0,85,3
13-02-2026,P106,Enterprise,59,20,Medium,108,5,3,1,1,108,5
14-02-2026,P110,AI,59,23,Medium,128,5,3,1,1,132,5
15-02-2026,P110,Web,59,24,High,122,6,3,2,1,130,4
16-02-2026,P104,AI,59,30,High,241,8,4,2,2,241,7
17-02-2026,P101,Web,59,30,Low,101,6,4,1,1,101,4
18-02-2026,P113,Enterprise,60,25,Medium,152,7,4,2,1,152,5
19-02-2026,P113,Mobile,60,26,Low,94,7,4,2,1,105,4
20-02-2026,P116,Web,60,23,Medium,106,5,3,1,1,106,4
21-02-2026,P103,Mobile,60,24,Medium,91,6,3,2,1,91,5
22-02-2026,P118,Enterprise,60,,Medium,139,7,4,2,1,139,4
23-02-2026,P109,Web,60,21,Low,64,5,3,1,1,66,2
24-02-2026,P119,Web,60,28,Low,101,7,4,2,1,101,4
25-02-2026,P109,AI,61,23,High,184,5,3,1,1,198,5
26-02-2026,P108,Mobile,61,18,Medium,101,5,3,1,1,104,4
27-02-2026,P100,Enterprise,61,41,Medium,225,10,6,2,2,247,7
28-02-2026,P105,AI,61,7,Medium,57,1,1,0,0,57,2
01-03-2026,P107,Mobile,61,21,Low,81,6,3,2,1,92,5
02-03-2026,P101,Enterprise,61,12,Low,57,4,2,1,1,57,3
03-03-2026,P102,Mobile,61,28,Medium,126,7,4,2,1,128,5
04-03-2026,P118,Enterprise,62,30,Medium,152,7,4,2,1,,6
05-03-2026,P113,Mobile,62,22,Low,79,5,3,1,1,89,3
06-03-2026,P100,Mobile,62,14,Low,56,4,2,1,1,60,2
07-03-2026,P119,Enterprise,62,21,High,149,5,3,1,1,149,5
08-03-2026,P111,Web,62,30,Medium,118,7,4,2,1,128,4
09-03-2026,P103,AI,62,36,Medium,209,10,5,3,2,218,6
10-03-2026,P112,Web,62,19,Medium,83,5,3,1,1,88,3
11-03-2026,P109,Mobile,63,25,Low,80,6,4,1,1,80,3
12-03-2026,P105,Web,63,21,Medium,90,6,3,2,1,90,4
13-03-2026,P103,AI,63,37,High,289,8,5,2,1,324,10
14-03-2026,P111,Mobile,63,23,Medium,112,6,3,2,1,114,4
15-03-2026,P104,AI,63,14,Low,70,,2,1,1,70,2
16-03-2026,P108,AI,63,5,Low,25,2,1,1,0,25,3
17-03-2026,P104,Web,63,30,Low,107,7,4,1,2,110,4
18-03-2026,P115,Enterprise,64,20,High,142,5,3,1,1,142,5
19-03-2026,P118,Enterprise,64,19,Medium,104,,3,2,1,104,4
20-03-2026,P118,Mobile,64,30,High,164,7,4,2,1,164,5
21-03-2026,P110,AI,64,34,Medium,194,9,5,3,1,194,7
22-03-2026,P115,Enterprise,64,20,Medium,124,5,3,1,1,124,5
23-03-2026,P108,Web,64,18,Medium,77,6,3,2,1,87,3
24-03-2026,P102,Mobile,64,30,Medium,119,7,4,2,1,129,4
25-03-2026,P101,Web,65,40,Medium,191,9,5,2,2,211,7
26-03-2026,P109,Web,65,22,Medium,105,6,3,2,1,113,5
27-03-2026,P102,Enterprise,65,31,Medium,164,6,4,1,1,164,7
28-03-2026,P117,Web,65,28,Medium,,7,4,2,1,135,
29-03-2026,P118,AI,65,16,Medium,92,4,2,1,1,92,3
30-03-2026,P115,AI,65,12,High,90,4,2,1,1,93,5
31-03-2026,P114,Web,65,25,High,123,7,4,2,1,123,5
01-04-2026,P110,Web,66,7,Medium,38,1,1,0,0,38,2
02-04-2026,P105,Web,66,30,Low,92,7,4,2,1,92,4
03-04-2026,P114,Enterprise,66,34,Medium,189,9,5,3,1,201,5
04-04-2026,P119,AI,66,10,Medium,64,4,2,1,1,67,3
05-04-2026,P109,Enterprise,66,19,Medium,119,5,3,1,1,119,4
06-04-2026,P110,Web,66,16,High,95,4,2,1,1,107,4
07-04-2026,P110,Web,66,,Medium,146,8,5,2,1,158,4
08-04-2026,P117,Enterprise,67,17,Low,65,5,3,1,1,65,3
09-04-2026,P119,AI,67,23,Medium,128,6,3,2,1,128,4
10-04-2026,P118,AI,67,13,High,94,4,2,1,1,94,3
11-04-2026,P109,Enterprise,67,26,Low,115,7,4,2,1,115,
12-04-2026,P102,Mobile,67,20,Medium,87,5,3,1,1,92,3
13-04-2026,P110,AI,67,31,Medium,174,7,4,2,1,174,5
14-04-2026,P116,Web,67,33,Medium,134,9,5,3,1,134,6
15-04-2026,P113,Mobile,68,29,Low,107,6,4,1,1,115,5
16-04-2026,P109,AI,68,23,High,178,5,3,1,1,180,7
17-04-2026,P110,Enterprise,68,33,Low,141,9,5,2,2,161,4
18-04-2026,P104,AI,68,24,Low,113,5,3,1,1,127,4
19-04-2026,P103,Web,68,21,Medium,67,6,3,2,1,70,3
20-04-2026,P119,AI,68,14,Medium,90,3,2,1,0,90,5
21-04-2026,P104,AI,68,18,Low,79,5,3,1,1,79,3
22-04-2026,P119,AI,69,30,Medium,194,7,4,2,1,220,7
23-04-2026,P101,Enterprise,69,28,Medium,158,7,4,2,1,158,6
24-04-2026,P107,Enterprise,69,31,Medium,179,7,4,2,1,179,7
25-04-2026,P114,AI,69,,Medium,221,8,5,2,1,248,7
26-04-2026,P109,Enterprise,69,23,High,178,5,3,1,1,191,6
27-04-2026,P106,Mobile,69,40,Medium,172,9,5,3,1,190,5
28-04-2026,P118,Enterprise,69,21,Medium,115,5,3,1,1,115,4
29-04-2026,P109,Enterprise,70,21,Medium,129,5,3,1,1,,
30-04-2026,P113,AI,70,31,High,245,7,4,2,1,245,7
01-05-2026,P119,AI,70,16,High,116,4,2,1,1,,4
02-05-2026,P101,Enterprise,70,28,High,205,8,4,2,2,233,6
03-05-2026,P117,Web,70,25,Medium,77,8,4,2,2,77,3
04-05-2026,P116,Web,70,26,Low,113,6,4,1,1,120,5
05-05-2026,P105,Mobile,70,28,Medium,132,7,4,2,1,132,5
06-05-2026,P116,AI,71,29,High,217,6,4,1,1,217,6
07-05-2026,P102,AI,71,32,High,258,7,4,2,1,,7
08-05-2026,P111,Web,71,19,Medium,,5,3,1,1,64,3
09-05-2026,P112,Mobile,71,13,Low,41,4,2,1,1,43,3
10-05-2026,P102,Mobile,71,12,Low,24,4,2,1,1,25,1
11-05-2026,P110,Web,71,5,High,26,2,1,1,0,26,1
12-05-2026,P110,AI,71,17,Low,84,5,3,1,1,90,3
13-05-2026,P109,Enterprise,72,31,Medium,168,6,4,1,1,168,5
14-05-2026,P104,Enterprise,72,45,Medium,236,11,6,3,2,,
15-05-2026,P100,Web,72,27,Low,103,7,4,2,1,114,4
16-05-2026,P106,AI,72,33,Medium,191,8,5,2,1,212,7
17-05-2026,P119,Enterprise,72,18,Low,78,5,3,1,1,,3
18-05-2026,P109,AI,72,31,Medium,163,7,4,2,1,173,5
19-05-2026,P101,AI,72,34,Medium,199,9,5,2,2,206,6
20-05-2026,P119,Enterprise,73,19,Low,71,5,3,1,1,71,3
21-05-2026,P115,Web,73,32,Medium,140,7,4,2,1,140,5
22-05-2026,P118,AI,73,23,Medium,137,6,3,2,1,142,4
23-05-2026,P109,Enterprise,73,28,Low,137,7,4,2,1,150,5
24-05-2026,P111,AI,73,28,Medium,159,7,4,2,1,159,5
25-05-2026,P105,Web,73,27,Medium,112,7,4,2,1,117,
26-05-2026,P111,Web,73,26,High,144,7,4,2,1,146,6
27-05-2026,P117,Web,74,18,Medium,65,5,3,1,1,65,3
28-05-2026,P115,Web,74,25,Medium,109,6,4,1,1,117,
29-05-2026,P111,Mobile,74,29,Medium,140,7,4,2,1,150,5
30-05-2026,P111,Web,74,26,Medium,109,7,4,2,1,109,5
31-05-2026,P103,Mobile,74,28,Low,87,7,4,2,1,96,4
01-06-2026,P111,Mobile,74,19,High,116,5,3,1,1,116,4
02-06-2026,P105,Enterprise,74,27,High,177,6,4,1,1,177,7
03-06-2026,P115,AI,75,22,High,178,6,3,2,1,196,7
04-06-2026,P102,Enterprise,75,28,Low,107,6,4,1,1,,4
05-06-2026,P106,Web,75,31,High,167,8,4,2,2,167,5
06-06-2026,P101,Mobile,75,16,High,91,4,2,1,1,99,4
07-06-2026,P116,Enterprise,75,33,High,222,8,5,2,1,242,7
08-06-2026,P117,Enterprise,75,28,Low,134,7,4,2,1,149,5
09-06-2026,P106,Mobile,75,26,Medium,117,7,4,2,1,125,4
10-06-2026,P101,Mobile,76,28,Low,86,,4,2,2,86,4
11-06-2026,P111,Enterprise,76,30,High,223,7,4,2,1,226,7
12-06-2026,P114,Enterprise,76,16,Medium,102,3,2,1,0,104,4
13-06-2026,P105,Enterprise,76,33,Medium,194,8,5,2,1,,7
14-06-2026,P111,Mobile,76,29,High,160,7,4,2,1,177,5
15-06-2026,P113,Web,76,37,Medium,156,10,5,3,2,177,5
16-06-2026,P105,Mobile,76,5,Medium,20,,1,0,0,20,3
17-06-2026,P102,Mobile,77,39,Medium,191,8,5,2,1,191,6
18-06-2026,P109,Enterprise,77,26,Medium,135,8,4,2,2,143,4
19-06-2026,P113,AI,77,30,Medium,,7,4,2,1,196,5
20-06-2026,P111,Enterprise,77,27,Low,127,7,4,2,1,141,4
21-06-2026,P111,Enterprise,77,20,Low,86,6,3,2,1,95,5
22-06-2026,P101,Web,77,23,Medium,84,,3,1,1,,4
23-06-2026,P112,Mobile,77,21,Medium,91,5,3,1,1,104,4
24-06-2026,P105,Web,78,24,Low,81,5,3,1,1,81,3
25-06-2026,P119,Enterprise,78,21,Low,88,5,3,1,1,,3
26-06-2026,P102,AI,78,29,High,220,6,4,1,1,,6
27-06-2026,P111,Mobile,78,24,Medium,99,5,3,1,1,108,3
28-06-2026,P118,Web,78,26,Medium,130,,4,1,1,130,5
29-06-2026,P114,Mobile,78,24,Medium,99,5,3,1,1,99,4
30-06-2026,P102,AI,78,38,Medium,224,9,5,2,2,245,8
01-07-2026,P112,Mobile,79,28,Medium,106,8,4,2,2,118,4
02-07-2026,P107,Web,79,24,Low,62,6,3,2,1,63,4
03-07-2026,P105,Enterprise,79,32,Medium,172,7,4,2,1,174,6
04-07-2026,P117,Web,79,23,Low,70,6,3,2,1,72,3
05-07-2026,P108,Enterprise,79,42,Low,183,10,6,2,2,183,6
06-07-2026,P119,Mobile,79,26,Medium,106,6,4,1,1,106,4
07-07-2026,P115,AI,79,20,Low,104,6,3,2,1,108,
08-07-2026,P102,Enterprise,80,34,Low,144,8,5,2,1,149,6
09-07-2026,P114,Web,80,20,High,108,6,3,2,1,108,5
10-07-2026,P110,Mobile,80,18,Medium,72,5,3,1,1,79,4
11-07-2026,P117,Mobile,80,19,High,,5,3,1,1,115,4
12-07-2026,P105,AI,80,17,High,,5,3,1,1,127,5
13-07-2026,P116,AI,80,20,Low,100,5,3,1,1,104,5
14-07-2026,P106,AI,80,20,Low,109,6,3,2,1,109,4
15-07-2026,P115,Web,81,26,Medium,,8,4,2,2,84,4
16-07-2026,P118,Mobile,81,8,Medium,53,2,1,1,0,53,3
17-07-2026,P117,AI,81,20,Medium,123,5,3,1,1,123,4
18-07-2026,P102,Web,81,21,Medium,96,6,3,2,1,104,3
19-07-2026,P115,Enterprise,81,30,High,232,7,4,2,1,232,6
20-07-2026,P118,Web,81,25,Low,,7,4,2,1,92,3
21-07-2026,P110,Web,81,,Medium,102,7,4,2,1,107,4
22-07-2026,P116,Mobile,82,31,Low,107,8,4,2,2,116,4
23-07-2026,P117,AI,82,32,High,264,7,4,2,1,264,7
24-07-2026,P104,Enterprise,82,11,Medium,56,,2,1,1,63,2
25-07-2026,P101,Web,82,30,Medium,118,,4,1,1,118,5
26-07-2026,P109,AI,82,25,Low,90,6,4,1,1,95,4
27-07-2026,P107,Mobile,82,28,High,179,,4,2,1,194,5
28-07-2026,P116,Mobile,82,17,High,116,5,3,1,1,130,5
29-07-2026,P108,AI,83,34,Medium,192,8,5,2,1,192,6
30-07-2026,P117,Mobile,83,34,Low,119,9,5,2,2,122,
31-07-2026,P109,Web,83,9,Medium,35,4,2,1,1,35,2
01-08-2026,P105,AI,83,32,Low,154,7,4,2,1,163,6
02-08-2026,P119,Mobile,83,27,High,170,8,4,2,2,170,5
03-08-2026,P118,Web,83,24,High,125,5,3,1,1,125,6
04-08-2026,P100,Web,83,37,Low,124,9,5,2,2,128,4
05-08-2026,P118,Mobile,84,27,Medium,109,8,4,2,2,120,5
06-08-2026,P118,Enterprise,84,9,Medium,40,3,2,1,0,42,2
07-08-2026,P100,Enterprise,84,29,High,193,7,4,2,1,193,
08-08-2026,P117,Mobile,84,24,Medium,121,5,3,1,1,133,4
09-08-2026,P109,Enterprise,84,,Low,24,3,2,1,0,,3
10-08-2026,P112,Mobile,84,21,Medium,106,5,3,1,1,120,
11-08-2026,P101,AI,84,26,Medium,160,7,4,2,1,163,5
12-08-2026,P115,Enterprise,85,28,Low,113,7,4,2,1,121,3
13-08-2026,P119,AI,85,17,Medium,99,5,3,1,1,105,3
14-08-2026,P110,Mobile,85,,High,155,7,4,2,1,171,6
15-08-2026,P104,Mobile,85,14,Medium,55,4,2,1,1,55,
16-08-2026,P103,Mobile,85,20,Low,74,5,3,1,1,74,4
17-08-2026,P103,Mobile,85,24,Medium,102,5,3,1,1,106,4
18-08-2026,P104,Web,85,,Low,124,9,5,3,1,139,5
19-08-2026,P112,Enterprise,86,26,Low,121,7,4,2,1,131,
20-08-2026,P105,Mobile,86,19,High,129,6,3,2,1,129,5
21-08-2026,P110,AI,86,34,High,266,8,5,2,1,300,8
22-08-2026,P115,Enterprise,86,24,Medium,144,5,3,1,1,,5
23-08-2026,P109,Enterprise,86,24,Low,109,6,3,2,1,116,5
24-08-2026,P112,Enterprise,86,23,High,170,6,3,2,1,195,5
25-08-2026,P106,Mobile,86,38,Low,147,,5,3,1,166,5
26-08-2026,P109,Enterprise,87,14,Medium,,4,2,1,1,82,3
27-08-2026,P115,Mobile,87,22,Medium,86,6,3,2,1,86,3
28-08-2026,P103,Enterprise,87,33,Low,161,8,5,2,1,161,6
29-08-2026,P108,Mobile,87,28,High,160,7,4,2,1,160,5
30-08-2026,P111,Web,87,9,Medium,49,4,2,1,1,49,3
31-08-2026,P118,AI,87,24,Medium,143,5,3,1,1,163,5
01-09-2026,P109,Web,87,32,Medium,117,8,4,2,2,117,5
02-09-2026,P114,Mobile,88,24,High,134,6,3,2,1,134,4
03-09-2026,P119,Web,88,24,Low,67,5,3,1,1,67,3
04-09-2026,P103,Enterprise,88,5,Medium,23,1,1,0,0,23,1
05-09-2026,P110,Mobile,88,35,High,207,9,5,3,1,207,6
06-09-2026,P106,Enterprise,88,15,Medium,64,3,2,1,0,64,3
07-09-2026,P101,Web,88,17,Low,60,5,3,1,1,67,4
08-09-2026,P110,Enterprise,88,16,Medium,80,3,2,1,0,85,4
09-09-2026,P104,AI,89,32,Medium,197,7,4,2,1,213,6
10-09-2026,P119,Mobile,89,15,Low,62,4,2,1,1,62,4
11-09-2026,P119,Mobile,89,32,Medium,162,7,4,2,1,164,6
12-09-2026,P116,Enterprise,89,12,Medium,47,4,2,1,1,52,2
13-09-2026,P109,Enterprise,89,26,High,190,7,4,2,1,208,5
14-09-2026,P111,Mobile,89,17,Medium,69,6,3,2,1,77,2
15-09-2026,P113,Mobile,89,32,High,191,7,4,2,1,200,6
16-09-2026,P100,Enterprise,90,30,Low,149,7,4,2,1,162,5
17-09-2026,P118,AI,90,16,Medium,103,4,2,1,1,103,3
18-09-2026,P118,Enterprise,90,27,Low,108,7,4,2,1,117,4
19-09-2026,P119,Enterprise,90,31,Low,136,7,4,2,1,136,4
20-09-2026,P107,Web,90,16,Medium,83,,2,1,0,,
21-09-2026,P103,AI,90,26,Low,134,7,4,2,1,134,4
22-09-2026,P110,Enterprise,90,11,Low,58,4,2,1,1,58,3
23-09-2026,P106,Enterprise,91,26,Medium,124,8,4,2,2,136,5
24-09-2026,P119,Enterprise,91,27,High,194,7,4,2,1,194,6
25-09-2026,P101,AI,91,,Medium,218,8,5,2,1,235,7
26-09-2026,P117,Mobile,91,,High,194,7,4,2,1,194,7
27-09-2026,P115,Enterprise,91,26,Medium,149,6,4,1,1,161,6
28-09-2026,P105,Enterprise,91,17,High,135,5,3,1,1,139,6
29-09-2026,P110,Mobile,91,25,Medium,118,7,4,2,1,122,4
30-09-2026,P108,Enterprise,92,12,Low,67,3,2,1,0,67,2
01-10-2026,P107,Mobile,92,36,Medium,137,10,5,3,2,,6
02-10-2026,P107,Mobile,92,15,High,76,4,2,1,1,81,
03-10-2026,P106,Enterprise,92,27,Medium,139,6,4,1,1,149,
04-10-2026,P111,Mobile,92,29,Low,108,7,4,2,1,113,4
05-10-2026,P118,Enterprise,92,41,High,283,10,6,3,1,283,10
06-10-2026,P112,Mobile,92,24,High,130,5,3,1,1,130,4
07-10-2026,P104,Mobile,93,26,Low,84,,4,2,1,88,4
08-10-2026,P102,Mobile,93,24,High,134,6,3,2,1,,5
09-10-2026,P108,Enterprise,93,37,Low,168,9,5,2,2,170,5
10-10-2026,P117,Mobile,93,29,High,187,8,4,2,2,187,6
11-10-2026,P108,AI,93,16,Low,89,4,2,1,1,96,4
12-10-2026,P118,AI,93,30,Low,142,7,4,2,1,148,6
13-10-2026,P116,AI,93,20,Medium,,5,3,1,1,118,5
14-10-2026,P101,Web,94,15,Medium,43,4,2,1,1,,
15-10-2026,P115,Web,94,19,Medium,95,5,3,1,1,104,
16-10-2026,P104,Web,94,28,High,146,6,4,1,1,153,5
17-10-2026,P105,Enterprise,94,11,Medium,50,4,2,1,1,50,3
18-10-2026,P115,Enterprise,94,42,Medium,,11,6,3,2,,8
19-10-2026,P109,Mobile,94,18,Low,65,5,3,1,1,65,3
20-10-2026,P101,Web,94,24,Medium,,5,3,1,1,95,5
21-10-2026,P107,Web,95,29,High,165,7,4,2,1,168,6
22-10-2026,P105,Enterprise,95,28,High,205,,4,2,2,205,7
23-10-2026,P105,Web,95,28,High,120,8,4,2,2,128,4
24-10-2026,P112,Enterprise,95,19,Low,79,5,3,1,1,79,3
25-10-2026,P109,Web,95,31,Low,101,7,4,2,1,102,3
26-10-2026,P118,Web,95,28,High,,7,4,2,1,163,5
27-10-2026,P110,Mobile,95,28,Medium,137,7,4,2,1,137,6
28-10-2026,P117,Enterprise,96,43,High,316,10,6,2,2,329,9
29-10-2026,P104,Enterprise,96,26,Low,108,7,4,2,1,108,5
30-10-2026,P103,Mobile,96,24,Low,78,5,3,1,1,78,3
31-10-2026,P114,Mobile,96,23,Medium,97,5,3,1,1,97,5
01-11-2026,P100,Mobile,96,25,High,134,6,4,1,1,139,5
02-11-2026,P118,AI,96,26,Low,135,7,4,2,1,,4
03-11-2026,P112,Enterprise,96,26,Medium,129,7,4,2,1,146,5
04-11-2026,P102,Enterprise,97,21,Medium,113,5,3,1,1,113,4
05-11-2026,P105,AI,97,19,Medium,101,6,3,2,1,114,3
06-11-2026,P107,Web,97,32,Low,81,,4,1,1,86,4
07-11-2026,P107,Enterprise,97,22,High,131,5,3,1,1,131,4
08-11-2026,P110,Mobile,97,37,Medium,173,,5,2,1,173,5
09-11-2026,P118,Web,97,28,Low,84,7,4,2,1,85,4
10-11-2026,P111,AI,97,23,Low,106,5,3,1,1,121,4
11-11-2026,P103,Enterprise,98,25,Medium,138,6,4,1,1,138,6
12-11-2026,P112,Mobile,98,29,Medium,125,7,4,2,1,125,5
13-11-2026,P109,Mobile,98,28,Medium,130,7,4,2,1,139,4
14-11-2026,P107,AI,98,35,Medium,187,9,5,2,2,214,5
15-11-2026,P114,Mobile,98,17,Medium,92,5,3,1,1,104,5
16-11-2026,P117,Enterprise,98,20,High,131,6,3,2,1,131,4
17-11-2026,P106,AI,98,36,Medium,234,8,5,2,1,242,7
18-11-2026,P119,Web,99,30,Medium,111,6,4,1,1,121,4
19-11-2026,P116,Mobile,99,32,Low,104,7,4,2,1,112,4
20-11-2026,P118,Web,99,16,Low,50,4,2,1,1,52,3
21-11-2026,P117,AI,99,10,Medium,59,3,2,1,0,61,4
22-11-2026,P104,AI,99,24,Medium,131,5,3,1,1,135,5
23-11-2026,P116,Enterprise,99,,Low,,6,4,1,1,157,5
24-11-2026,P106,Enterprise,99,26,Low,123,7,4,2,1,133,5
25-11-2026,P116,Enterprise,100,,High,,3,2,1,0,102,4
26-11-2026,P114,AI,100,41,Medium,259,11,6,3,2,259,7
27-11-2026,P114,Web,100,25,Medium,87,6,4,1,1,87,4
28-11-2026,P109,Web,100,33,Medium,138,9,5,3,1,138,6
29-11-2026,P100,AI,100,43,Medium,243,11,6,3,2,275,9
30-11-2026,P101,Enterprise,100,17,Medium,103,6,3,2,1,103,5
01-12-2026,P102,Web,100,18,High,86,5,3,1,1,88,4
02-12-2026,P102,Enterprise,101,31,Low,128,,4,2,1,128,4
03-12-2026,P113,AI,101,25,High,196,7,4,2,1,214,7
04-12-2026,P113,Mobile,101,17,High,96,6,3,2,1,100,
05-12-2026,P112,Enterprise,101,9,High,64,4,2,1,1,69,3
06-12-2026,P112,Enterprise,101,12,Low,46,4,2,1,1,51,2
07-12-2026,P117,AI,101,28,Medium,170,7,4,2,1,193,6
08-12-2026,P111,Web,101,21,Low,65,5,3,1,1,65,3
09-12-2026,P117,Enterprise,102,27,Medium,150,,4,2,1,167,6
10-12-2026,P107,Web,102,28,High,137,7,4,2,1,137,5
11-12-2026,P109,Enterprise,102,26,Medium,165,6,4,1,1,181,6
12-12-2026,P117,Enterprise,102,34,Medium,174,10,5,3,2,197,5
13-12-2026,P107,AI,102,33,Medium,206,9,5,3,1,230,6
14-12-2026,P104,Mobile,102,25,Low,88,7,4,2,1,88,3
15-12-2026,P103,Web,102,26,High,147,6,4,1,1,151,5
16-12-2026,P113,Web,103,35,Low,110,10,5,3,2,110,5
17-12-2026,P102,Web,103,34,Medium,146,9,5,2,2,157,4
18-12-2026,P114,Web,103,32,Low,100,7,4,1,2,106,4
19-12-2026,P101,Enterprise,103,17,Medium,85,6,3,2,1,92,3
20-12-2026,P117,AI,103,28,High,218,7,4,2,1,218,7
21-12-2026,P101,AI,103,33,Medium,196,9,5,2,2,196,7
22-12-2026,P109,AI,103,23,High,178,,3,1,1,178,6
23-12-2026,P118,Mobile,104,20,Medium,95,6,3,2,1,95,4
24-12-2026,P110,AI,104,,Medium,177,7,4,2,1,185,7
25-12-2026,P104,AI,104,31,Medium,184,7,4,2,1,184,6
26-12-2026,P108,Web,104,19,Medium,81,5,3,1,1,87,4
27-12-2026,P118,AI,104,17,Medium,100,5,3,1,1,100,4
28-12-2026,P113,Enterprise,104,20,Low,91,5,3,1,1,91,3
29-12-2026,P111,Enterprise,104,35,High,245,8,5,2,1,261,8
30-12-2026,P110,Enterprise,105,27,Medium,148,8,4,2,2,161,5
31-12-2026,P109,Enterprise,105,26,Low,114,7,4,2,1,122,4
01-01-2027,P117,Enterprise,105,30,Low,126,,4,2,1,126,4
02-01-2027,P107,Mobile,105,18,High,97,5,3,1,1,100,4
03-01-2027,P104,Enterprise,105,10,High,59,4,2,1,1,60,3
04-01-2027,P117,Enterprise,105,23,High,161,5,3,1,1,161,6
05-01-2027,P117,AI,105,27,Medium,153,6,4,1,1,172,5
06-01-2027,P108,AI,106,26,Medium,169,7,4,1,2,169,6
07-01-2027,P102,Enterprise,106,,High,190,6,4,1,1,207,7
08-01-2027,P102,AI,106,23,Low,112,5,3,1,1,112,4
09-01-2027,P112,Web,106,15,High,79,3,2,1,0,79,3
10-01-2027,P106,AI,106,30,Medium,188,7,4,2,1,194,5
11-01-2027,P110,Mobile,106,14,High,63,4,2,1,1,71,4
12-01-2027,P100,AI,106,21,High,162,5,3,1,1,184,5
13-01-2027,P103,Enterprise,107,21,High,,6,3,2,1,166,5
14-01-2027,P119,AI,107,,Medium,94,4,2,1,1,106,5
15-01-2027,P107,Mobile,107,34,High,203,8,5,2,1,203,7
16-01-2027,P112,Enterprise,107,17,Medium,89,5,3,1,1,89,3
17-01-2027,P111,Mobile,107,20,Low,64,5,3,1,1,67,3
18-01-2027,P116,Enterprise,107,33,Medium,176,8,5,2,1,193,5
19-01-2027,P115,Mobile,107,35,High,193,9,5,2,2,193,5
20-01-2027,P111,Mobile,108,13,Medium,64,3,2,1,0,64,3
21-01-2027,P118,AI,108,24,Medium,,5,3,1,1,159,4
22-01-2027,P100,Mobile,108,27,Medium,138,7,4,2,1,142,4
23-01-2027,P118,Enterprise,108,16,Low,55,,2,1,1,62,3
24-01-2027,P106,Mobile,108,32,Low,117,6,4,1,1,118,4
25-01-2027,P118,AI,108,27,Medium,163,7,4,2,1,185,5
26-01-2027,P110,Mobile,108,7,High,39,2,1,1,0,42,3
27-01-2027,P115,Enterprise,109,18,Medium,79,6,3,2,1,86,4
28-01-2027,P111,AI,109,36,Low,179,10,5,3,2,179,5
29-01-2027,P117,Enterprise,109,38,Low,157,9,5,2,2,157,6
30-01-2027,P117,Web,109,29,Medium,108,7,4,2,1,108,5
31-01-2027,P102,Web,109,13,High,66,4,2,1,1,75,3
01-02-2027,P113,AI,109,,High,249,7,4,2,1,,8
02-02-2027,P107,Web,109,22,Medium,84,5,3,1,1,96,3
03-02-2027,P100,AI,110,32,Medium,196,7,4,2,1,212,7
04-02-2027,P111,Web,110,32,Medium,135,7,4,2,1,135,5
05-02-2027,P119,Enterprise,110,22,Medium,113,6,3,2,1,113,4
06-02-2027,P100,Web,110,21,Medium,93,6,3,2,1,101,5
07-02-2027,P113,Web,110,22,Low,57,5,3,1,1,58,3
08-02-2027,P108,Mobile,110,20,Low,65,5,3,1,1,67,4
09-02-2027,P113,AI,110,19,Low,110,6,3,2,1,124,4
10-02-2027,P103,AI,111,20,Low,99,5,3,1,1,,4
11-02-2027,P119,Mobile,111,,High,111,5,3,1,1,120,5
12-02-2027,P108,Enterprise,111,29,Low,142,6,4,1,1,149,5
13-02-2027,P112,Enterprise,111,50,Medium,263,12,7,3,2,263,9
14-02-2027,P107,Mobile,111,40,Medium,172,8,5,2,1,178,5
15-02-2027,P102,Web,111,8,Low,25,2,1,1,0,25,2
16-02-2027,P112,Enterprise,111,38,Medium,,8,5,2,1,242,7
17-02-2027,P101,Web,112,14,Medium,61,4,2,1,1,61,2
18-02-2027,P102,Enterprise,112,21,High,156,5,3,1,1,170,
19-02-2027,P110,Web,112,17,High,90,5,3,1,1,99,3
20-02-2027,P101,AI,112,24,Low,109,6,3,2,1,109,
21-02-2027,P118,Enterprise,112,42,Low,170,11,6,3,2,170,5
22-02-2027,P102,Mobile,112,18,High,102,6,3,2,1,116,
23-02-2027,P118,Web,112,37,Low,126,9,5,2,2,,5
24-02-2027,P110,Web,113,18,High,103,5,3,1,1,103,4
25-02-2027,P118,AI,113,26,High,210,7,4,2,1,210,7
26-02-2027,P112,Web,113,30,Low,124,6,4,1,1,141,4
27-02-2027,P118,AI,113,19,Medium,,6,3,2,1,120,4
28-02-2027,P112,Mobile,113,36,Medium,166,9,5,2,2,176,6
01-03-2027,P104,Web,113,17,Medium,71,5,3,1,1,80,4
02-03-2027,P111,Web,113,15,Low,58,4,2,1,1,59,2
03-03-2027,P107,Web,114,21,Medium,,5,3,1,1,85,5
04-03-2027,P119,Enterprise,114,21,High,147,5,3,1,1,147,5
05-03-2027,P110,Web,114,35,Medium,137,9,5,3,1,141,6
06-03-2027,P114,Enterprise,114,34,Low,145,9,5,2,2,157,6
07-03-2027,P117,Enterprise,114,16,Medium,102,4,2,1,1,102,4
08-03-2027,P118,Enterprise,114,29,Low,121,7,4,2,1,121,4
09-03-2027,P119,Mobile,114,35,High,213,9,5,3,1,234,7
10-03-2027,P102,Web,115,23,Low,75,6,3,2,1,75,4
11-03-2027,P112,AI,115,37,Medium,206,9,5,2,2,206,6
12-03-2027,P110,Mobile,115,23,Low,63,5,3,1,1,63,2
13-03-2027,P100,Mobile,115,32,Medium,146,,4,1,1,155,5
14-03-2027,P108,Web,115,19,Low,77,5,3,1,1,82,4
15-03-2027,P105,Enterprise,115,24,Medium,128,6,3,2,1,131,6
16-03-2027,P117,Enterprise,115,29,Low,143,,4,2,1,145,5
17-03-2027,P102,Mobile,116,28,Medium,125,7,4,2,1,139,5
18-03-2027,P119,Mobile,116,25,High,138,8,4,2,2,138,6
19-03-2027,P100,Mobile,116,19,Medium,86,,3,2,1,86,4
20-03-2027,P102,AI,116,21,Medium,133,5,3,1,1,133,5
21-03-2027,P105,Enterprise,116,12,Low,51,4,2,1,1,57,2
22-03-2027,P108,Mobile,116,24,Low,89,5,3,1,1,90,4
23-03-2027,P104,Web,116,27,Low,81,7,4,2,1,81,3
24-03-2027,P108,Enterprise,117,21,Low,95,5,3,1,1,,3
25-03-2027,P102,Mobile,117,28,Low,103,7,4,2,1,104,
26-03-2027,P107,Enterprise,117,33,Medium,165,10,5,3,2,169,6
27-03-2027,P106,Enterprise,117,26,Low,103,7,4,2,1,103,5
28-03-2027,P109,Web,117,25,High,123,6,4,1,1,124,5
29-03-2027,P110,Enterprise,117,18,High,,5,3,1,1,133,5
30-03-2027,P110,Enterprise,117,31,Medium,151,7,4,2,1,166,6
31-03-2027,P119,AI,118,25,Medium,155,6,4,1,1,156,6
01-04-2027,P119,AI,118,27,Medium,143,7,4,2,1,143,6
02-04-2027,P105,Enterprise,118,24,High,183,5,3,1,1,189,6
03-04-2027,P109,Enterprise,118,27,High,193,7,4,2,1,210,6
04-04-2027,P107,Mobile,118,12,Medium,42,4,2,1,1,42,3
05-04-2027,P112,Mobile,118,10,Low,44,3,2,1,0,44,3
06-04-2027,P118,AI,118,26,Medium,177,8,4,2,2,184,7
07-04-2027,P117,AI,119,26,Medium,145,,4,2,1,156,5
08-04-2027,P117,Web,119,24,High,,5,3,1,1,115,5
09-04-2027,P114,AI,119,31,Medium,183,7,4,2,1,183,6
10-04-2027,P109,Web,119,16,High,92,3,2,1,0,,4
11-04-2027,P113,Enterprise,119,14,Low,50,4,2,1,1,50,
12-04-2027,P109,AI,119,24,Low,118,5,3,1,1,,4
13-04-2027,P104,Enterprise,119,34,High,252,8,5,2,1,269,7
14-04-2027,P102,Enterprise,120,37,High,270,9,5,2,2,270,9
15-04-2027,P115,Enterprise,120,13,Medium,69,4,2,1,1,69,3
16-04-2027,P113,Web,120,34,High,161,8,5,2,1,161,5
17-04-2027,P111,Web,120,21,Low,53,6,3,2,1,53,3
18-04-2027,P107,Mobile,120,19,Low,75,5,3,1,1,75,3
19-04-2027,P119,Web,120,28,Medium,115,7,4,2,1,123,4
20-04-2027,P112,Mobile,120,26,High,148,6,4,1,1,148,6
21-04-2027,P113,Web,121,18,Low,67,6,3,2,1,67,4
22-04-2027,P108,AI,121,30,Medium,168,8,4,2,2,168,6
23-04-2027,P116,AI,121,11,Medium,71,4,2,1,1,74,4
24-04-2027,P112,Enterprise,121,40,High,296,8,5,2,1,296,9
25-04-2027,P118,AI,121,17,Medium,96,5,3,1,1,96,4
26-04-2027,P100,Enterprise,121,28,Low,130,6,4,1,1,143,5
27-04-2027,P113,Web,121,27,Low,78,7,4,2,1,,3
28-04-2027,P104,Mobile,122,20,Medium,90,5,3,1,1,90,3
29-04-2027,P114,AI,122,16,Medium,97,4,2,1,1,97,3
30-04-2027,P111,Enterprise,122,6,Low,46,1,1,0,0,51,
01-05-2027,P114,Mobile,122,19,Low,70,5,3,1,1,70,3
02-05-2027,P101,Web,122,19,Low,46,6,3,2,1,51,3
03-05-2027,P110,Web,122,27,Medium,102,7,4,2,1,102,5
04-05-2027,P105,AI,122,17,Medium,92,6,3,2,1,98,4
05-05-2027,P117,AI,123,28,Medium,,7,4,2,1,189,7
06-05-2027,P113,Enterprise,123,23,Low,109,5,3,1,1,120,5
07-05-2027,P112,AI,123,19,Low,90,5,3,1,1,101,4
08-05-2027,P113,Enterprise,123,27,Low,99,7,4,1,2,99,4
09-05-2027,P119,AI,123,35,Medium,199,9,5,2,2,199,6
10-05-2027,P113,Enterprise,123,27,Low,110,6,4,1,1,122,5
11-05-2027,P106,AI,123,10,Low,25,4,2,1,1,27,2
12-05-2027,P102,Web,124,34,High,174,9,5,3,1,180,5
13-05-2027,P117,AI,124,29,Medium,180,6,4,1,1,181,6
14-05-2027,P106,Enterprise,124,17,Low,75,6,3,2,1,75,3
15-05-2027,P115,Mobile,124,34,Medium,155,8,5,2,1,161,6
16-05-2027,P119,Enterprise,124,15,Medium,69,4,2,1,1,69,4
17-05-2027,P111,Mobile,124,34,High,217,10,5,3,2,,7
18-05-2027,P119,AI,124,31,High,245,7,4,2,1,,7
19-05-2027,P109,Web,125,27,Medium,120,7,4,2,1,129,5
20-05-2027,P110,Web,125,21,Low,74,5,3,1,1,84,2
21-05-2027,P103,AI,125,15,Medium,92,3,2,1,0,92,4
22-05-2027,P104,Enterprise,125,28,Medium,148,8,4,2,2,148,5
23-05-2027,P104,Enterprise,125,20,Medium,105,6,3,2,1,114,4
24-05-2027,P115,AI,125,7,Medium,30,2,1,1,0,30,2
25-05-2027,P115,Mobile,125,,Low,47,4,2,1,1,52,2
26-05-2027,P110,Enterprise,126,30,Medium,167,7,4,1,2,169,7
27-05-2027,P111,Web,126,15,Medium,70,4,2,1,1,70,3
28-05-2027,P106,Enterprise,126,23,High,155,6,3,2,1,155,6
29-05-2027,P116,Enterprise,126,21,Medium,126,5,3,1,1,134,5
30-05-2027,P115,Enterprise,126,13,Medium,79,4,2,1,1,88,4
31-05-2027,P114,Enterprise,126,29,Low,118,8,4,2,2,135,5
01-06-2027,P118,Web,126,30,High,,6,4,1,1,168,5
02-06-2027,P107,Mobile,127,,Low,77,4,2,1,1,83,4
03-06-2027,P107,Mobile,127,27,Low,103,,4,2,1,103,5
04-06-2027,P114,Enterprise,127,36,Medium,206,9,5,2,2,206,6
05-06-2027,P103,Web,127,16,Low,,3,2,1,0,57,3
06-06-2027,P117,Mobile,127,17,Medium,78,5,3,1,1,78,
07-06-2027,P101,Enterprise,127,31,Medium,158,8,4,2,2,162,6
08-06-2027,P113,Web,127,20,Medium,77,5,3,1,1,77,3
09-06-2027,P107,Mobile,128,15,High,105,4,2,1,1,116,4
10-06-2027,P101,Enterprise,128,26,Low,104,7,4,2,1,115,4
11-06-2027,P102,Enterprise,128,33,High,245,8,5,2,1,259,7
12-06-2027,P103,AI,128,29,Low,117,7,4,2,1,129,
13-06-2027,P118,Mobile,128,28,High,176,7,4,2,1,184,6
14-06-2027,P119,Enterprise,128,16,Low,67,3,2,1,0,74,3
15-06-2027,P104,AI,128,30,High,225,7,4,2,1,225,8
16-06-2027,P101,Mobile,129,,Medium,156,8,5,2,1,156,6
17-06-2027,P119,AI,129,34,Medium,175,8,5,2,1,188,6
18-06-2027,P109,Mobile,129,17,Medium,84,6,3,2,1,84,3
19-06-2027,P116,Web,129,33,Low,109,8,5,2,1,121,5
20-06-2027,P113,Web,129,19,High,69,5,3,1,1,69,4
21-06-2027,P104,AI,129,,Low,20,1,1,0,0,22,2
22-06-2027,P110,AI,129,30,High,250,7,4,2,1,253,7
23-06-2027,P112,Enterprise,130,23,Low,107,6,3,2,1,113,4
24-06-2027,P108,Enterprise,130,22,Medium,,5,3,1,1,112,5
25-06-2027,P102,Web,130,20,Medium,75,5,3,1,1,80,3
26-06-2027,P108,Mobile,130,18,Medium,,6,3,2,1,81,4
27-06-2027,P115,Mobile,130,28,Medium,115,6,4,1,1,125,5
28-06-2027,P102,Enterprise,130,31,Medium,173,6,4,1,1,173,7
29-06-2027,P111,Web,130,36,High,180,9,5,3,1,180,6
30-06-2027,P112,AI,131,13,High,96,4,2,1,1,109,4
01-07-2027,P106,Enterprise,131,32,Low,146,6,4,1,1,160,5
02-07-2027,P109,Mobile,131,26,Medium,112,7,4,2,1,122,5
03-07-2027,P104,Enterprise,131,29,High,206,7,4,2,1,,7
04-07-2027,P101,Web,131,20,Low,69,6,3,2,1,69,4
05-07-2027,P114,Web,131,44,Low,152,10,6,3,1,173,4
06-07-2027,P105,Enterprise,131,30,Medium,166,7,4,2,1,166,6
07-07-2027,P113,AI,132,24,High,155,5,3,1,1,158,6
08-07-2027,P104,Mobile,132,15,Low,53,3,2,1,0,,3
09-07-2027,P108,Web,132,18,Medium,72,5,3,1,1,79,4
10-07-2027,P108,Web,132,25,Medium,104,7,4,2,1,104,4
11-07-2027,P105,Web,132,18,Medium,72,5,3,1,1,80,2
12-07-2027,P109,AI,132,23,Medium,133,6,3,2,1,143,4
13-07-2027,P102,Web,132,13,Low,54,3,2,1,0,57,2
14-07-2027,P115,Web,133,,Low,99,6,4,1,1,103,3
15-07-2027,P107,Enterprise,133,15,Low,63,4,2,1,1,63,3
16-07-2027,P110,Web,133,30,High,156,,4,2,1,173,5
17-07-2027,P113,AI,133,16,Medium,64,4,2,1,1,64,3
18-07-2027,P107,Enterprise,133,47,Low,203,10,6,2,2,207,6
19-07-2027,P103,Web,133,22,Medium,84,6,3,2,1,84,4
20-07-2027,P109,AI,133,28,Medium,148,7,4,2,1,149,6
21-07-2027,P104,AI,134,13,Low,55,4,2,1,1,59,2
22-07-2027,P118,Web,134,36,Medium,139,9,5,2,2,139,5
23-07-2027,P105,Enterprise,134,27,Medium,146,7,4,2,1,146,6
24-07-2027,P106,AI,134,23,High,177,5,3,1,1,177,7
25-07-2027,P119,Enterprise,134,24,High,174,6,3,2,1,,6
26-07-2027,P102,Web,134,31,Low,87,6,4,1,1,87,5
27-07-2027,P103,Enterprise,134,29,Medium,165,7,4,2,1,165,5
28-07-2027,P113,Mobile,135,35,High,198,8,5,2,1,198,6
29-07-2027,P107,Mobile,135,30,Medium,133,7,4,2,1,135,5
30-07-2027,P107,Mobile,135,20,High,121,5,3,1,1,127,5
31-07-2027,P100,Mobile,135,34,Low,145,8,5,2,1,,4
01-08-2027,P119,AI,135,31,Medium,195,6,4,1,1,195,6
02-08-2027,P109,Web,135,19,High,85,5,3,1,1,85,5
03-08-2027,P107,Enterprise,135,26,Medium,137,6,4,1,1,140,5
04-08-2027,P107,Enterprise,136,15,Medium,84,4,2,1,1,88,3
05-08-2027,P102,Web,136,19,High,108,5,3,1,1,116,4
06-08-2027,P110,AI,136,18,Medium,112,5,3,1,1,112,3
07-08-2027,P118,Enterprise,136,18,Medium,,6,3,2,1,115,5
08-08-2027,P105,Enterprise,136,18,High,116,5,3,1,1,118,4
09-08-2027,P102,Web,136,11,Medium,32,4,2,1,1,32,2
10-08-2027,P100,Mobile,136,16,Low,53,4,2,1,1,53,3
11-08-2027,P101,Enterprise,137,27,Medium,140,7,4,1,2,153,5
12-08-2027,P116,Enterprise,137,31,Medium,172,7,4,2,1,172,6
13-08-2027,P112,Web,137,35,Medium,152,10,5,3,2,171,4
14-08-2027,P117,AI,137,38,Low,185,10,5,3,2,185,7
15-08-2027,P109,Web,137,21,Medium,86,5,3,1,1,86,3
16-08-2027,P106,AI,137,33,Medium,176,9,5,2,2,195,5
17-08-2027,P112,Web,137,25,Medium,112,7,4,2,1,112,5
18-08-2027,P113,AI,138,29,Low,137,6,4,1,1,143,5
19-08-2027,P102,Enterprise,138,19,Low,70,6,3,2,1,77,3
20-08-2027,P119,Web,138,31,Medium,133,6,4,1,1,148,5
21-08-2027,P105,Web,138,24,Low,81,5,3,1,1,92,3
22-08-2027,P104,Web,138,19,Low,58,6,3,2,1,63,3
23-08-2027,P111,Mobile,138,37,Low,132,8,5,2,1,132,5
24-08-2027,P104,Mobile,138,36,Medium,163,9,5,2,2,174,5
25-08-2027,P103,Web,139,27,Medium,106,7,4,2,1,112,
26-08-2027,P113,Mobile,139,26,Medium,140,7,4,2,1,140,4
27-08-2027,P108,Web,139,24,Medium,101,5,3,1,1,101,4
28-08-2027,P116,Mobile,139,30,Low,,6,4,1,1,139,4
29-08-2027,P118,AI,139,10,Medium,56,4,2,1,1,59,4
30-08-2027,P108,Web,139,19,High,97,5,3,1,1,101,4
31-08-2027,P103,AI,139,25,Medium,147,6,4,1,1,166,6
01-09-2027,P100,Web,140,8,High,62,2,1,1,0,62,
02-09-2027,P100,AI,140,23,Low,94,5,3,1,1,94,
03-09-2027,P111,Enterprise,140,35,High,250,8,5,2,1,,9
04-09-2027,P105,Web,140,30,Medium,125,8,4,2,2,131,5
05-09-2027,P113,AI,140,42,Medium,245,11,6,3,2,245,8
06-09-2027,P113,Mobile,140,23,Low,74,6,3,2,1,84,3
07-09-2027,P102,Mobile,140,8,Low,28,1,1,0,0,29,3
08-09-2027,P101,AI,141,27,Low,126,7,4,1,2,126,4
09-09-2027,P116,Web,141,30,High,156,6,4,1,1,173,5
10-09-2027,P102,Enterprise,141,22,High,143,5,3,1,1,155,5
11-09-2027,P109,Mobile,141,,Low,89,5,3,1,1,89,3
12-09-2027,P114,Web,141,29,Medium,100,8,4,2,2,112,4
13-09-2027,P109,Mobile,141,27,Medium,136,7,4,2,1,136,5
14-09-2027,P107,Enterprise,141,32,Medium,199,7,4,2,1,199,7
15-09-2027,P115,AI,142,10,Medium,52,3,2,1,0,54,
16-09-2027,P117,AI,142,24,Low,111,5,3,1,1,126,4
17-09-2027,P113,Web,142,18,Low,58,6,3,2,1,61,4
18-09-2027,P111,Web,142,26,High,135,8,4,2,2,138,4
19-09-2027,P100,Enterprise,142,16,High,115,4,2,1,1,121,3
20-09-2027,P109,Web,142,24,Low,62,6,3,2,1,62,3
21-09-2027,P107,Enterprise,142,12,Medium,74,3,2,1,0,84,3
22-09-2027,P101,AI,143,22,Medium,131,5,3,1,1,131,4
23-09-2027,P102,Web,143,22,High,114,5,3,1,1,124,5
24-09-2027,P116,Enterprise,143,28,Medium,162,6,4,1,1,180,6
25-09-2027,P111,Enterprise,143,12,High,86,4,2,1,1,98,3
26-09-2027,P102,Web,143,19,Medium,69,,3,2,1,69,4
27-09-2027,P112,Web,143,33,Medium,127,9,5,2,2,143,4
12-05-2025,P118,AI,19,,Low,54,4,2,1,1,54,2
23-07-2025,P118,Mobile,30,,Medium,82,6,3,2,1,89,3
20-02-2025,P117,AI,8,,Medium,175,7,4,2,1,179,6
09-08-2026,P109,Enterprise,84,,Low,24,3,2,1,0,,3
19-05-2025,P112,AI,20,,Medium,64,1,1,0,0,,2
25-09-2026,P101,AI,91,,Medium,218,8,5,2,1,235,7
25-11-2025,P119,Mobile,47,,Medium,,5,3,1,1,96,5
07-04-2026,P110,Web,66,,Medium,146,8,5,2,1,158,4
14-07-2027,P115,Web,133,,Low,99,6,4,1,1,103,3
25-04-2026,P114,AI,69,,Medium,221,8,5,2,1,248,7
15-07-2025,P109,Web,28,,High,112,5,3,1,1,112,4
10-08-2025,P107,Web,32,,Medium,100,7,4,2,1,114,
29-07-2025,P110,Mobile,30,,High,181,8,5,2,1,206,6
14-01-2026,P100,Web,55,,High,176,8,5,2,1,176,5
06-06-2025,P114,Enterprise,23,,High,147,5,3,1,1,,6
24-11-2025,P111,AI,47,,Medium,167,7,4,2,1,178,5
01-02-2027,P113,AI,109,,High,249,7,4,2,1,,8
17-11-2025,P109,AI,46,,High,191,6,3,2,1,202,6
02-10-2025,P106,Mobile,40,,Medium,136,,4,2,1,136,4
22-02-2026,P118,Enterprise,60,,Medium,139,7,4,2,1,139,4
08-01-2026,P108,Web,54,,Low,68,5,3,1,1,70,3
27-10-2025,P114,Web,43,,Medium,110,7,4,2,1,110,3
18-08-2025,P101,Mobile,33,,Medium,142,7,4,1,2,142,6
16-06-2027,P101,Mobile,129,,Medium,156,8,5,2,1,156,6
18-08-2026,P104,Web,85,,Low,124,9,5,3,1,139,5
11-09-2027,P109,Mobile,141,,Low,89,5,3,1,1,89,3
07-01-2027,P102,Enterprise,106,,High,190,6,4,1,1,207,7
27-03-2025,P101,Web,13,,Medium,148,9,5,2,2,165,6
02-06-2027,P107,Mobile,127,,Low,77,4,2,1,1,83,4
08-01-2025,P100,AI,2,,Medium,181,6,4,1,1,181,6
24-12-2026,P110,AI,104,,Medium,177,7,4,2,1,185,7
13-02-2025,P115,Web,7,,Low,,6,4,1,1,87,3
21-07-2026,P110,Web,81,,Medium,102,7,4,2,1,107,4
14-11-2025,P117,AI,46,,Low,128,6,4,1,1,140,4
25-05-2027,P115,Mobile,125,,Low,47,4,2,1,1,52,2
14-01-2027,P119,AI,107,,Medium,94,4,2,1,1,106,5
20-12-2025,P111,Enterprise,51,,Medium,112,5,3,1,1,112,4
26-05-2025,P107,Mobile,21,,Low,86,6,4,1,1,86,3
13-12-2025,P117,Mobile,50,,High,75,4,2,1,1,75,3
14-08-2026,P110,Mobile,85,,High,155,7,4,2,1,171,6
11-02-2027,P119,Mobile,111,,High,111,5,3,1,1,120,5
03-12-2025,P115,Mobile,49,,Medium,139,6,4,1,1,139,5
26-09-2026,P117,Mobile,91,,High,194,7,4,2,1,194,7
07-11-2025,P113,AI,45,,Low,143,,4,2,1,151,5
25-11-2026,P116,Enterprise,100,,High,,3,2,1,0,102,4
23-11-2026,P116,Enterprise,99,,Low,,6,4,1,1,157,5
05-12-2025,P102,AI,49,,High,266,7,4,2,1,266,8
21-06-2027,P104,AI,129,,Low,20,1,1,0,0,22,2
15-11-2025,P111,Mobile,46,,Medium,94,5,3,1,1,99,3
19-12-2025,P117,AI,51,,Medium,127,5,3,1,1,133,5
